[
    { "src": "1.jfif", "caption": "Dia da Arte" },
    { "src": "2.jfif", "caption": "Show de Talentos Infantil"},
    { "src": "3.jfif", "caption": "Dia do Esporte" },
    { "src": "4.jfif", "caption": "Apresentação de Ginástica Artística" },
    { "src": "5.jfif", "caption": "Visita ao Museu da Cidade" },
    { "src": "6.jfif", "caption": "Baladinha (Acima de 13 anos)" },
    { "src": "7.jfif", "caption": "Roda de Conversa (pais e professores)" },
    { "src": "8.jfif", "caption": "Passeio ao Parque de Diversões" },
    { "src": "9.jfif", "caption": "Apresentação da Banda do Segundo Ano" },
    { "src": "10.jfif", "caption": "Teatro de Marionetes" }
    ]